{
    "features": 1510.53054022789,
    "process_features_model_1_pred_0": 4.185146331787109,
    "predict_and_compile_model_1_pred_0": 124.38168001174927,
    "relax_model_1_pred_0": 28.774215698242188,
    "process_features_model_2_pred_0": 2.017268180847168,
    "predict_and_compile_model_2_pred_0": 112.28128933906555,
    "relax_model_2_pred_0": 18.377140998840332,
    "process_features_model_3_pred_0": 1.7429547309875488,
    "predict_and_compile_model_3_pred_0": 88.7018895149231,
    "relax_model_3_pred_0": 16.763675689697266,
    "process_features_model_4_pred_0": 3.5129783153533936,
    "predict_and_compile_model_4_pred_0": 85.85991191864014,
    "relax_model_4_pred_0": 18.801180839538574,
    "process_features_model_5_pred_0": 1.8013851642608643,
    "predict_and_compile_model_5_pred_0": 88.34200358390808,
    "relax_model_5_pred_0": 19.0425922870636
}